{"nodes":{"node:1":{"location":{"x":864,"y":-213}},"node:10":{"location":{"x":91,"y":-164}},"node:13":{"location":{"x":576,"y":396}},"node:16":{"location":{"x":-32,"y":-4}},"node:19":{"location":{"x":-444,"y":92}},"node:22":{"location":{"x":-16,"y":332}},"node:25":{"location":{"x":160,"y":156}},"node:28":{"location":{"x":224,"y":-100}},"node:31":{"location":{"x":-140,"y":-148}},"node:34":{"location":{"x":272,"y":-4}},"node:37":{"location":{"x":-204,"y":-4}},"node:4":{"location":{"x":516,"y":-52}},"node:40":{"location":{"x":-144,"y":172}},"node:7":{"location":{"x":864,"y":140}}},"selection":["node:25"],"view":{"scroll":{"x":-155.61822509765625,"y":-36.9863052368164062},"visible_rect":{"max":{"x":632.509033203125,"y":376.018280029296875},"min":{"x":-207.490966796875,"y":-49.3150749206542969}},"zoom":0.75}}